Unnamed: 0,URL,Title,Authors,Rating Tags,Warning Tags,Category Tags,Fandom Tags,Relationship Tags,Character Tags,Freeform Tags,Language Tags,Published,Updated,Pos_in_series,Completion,Chapters,Intended_chapters,Words,Comments,Kudos,Bookmarks,Hits,Summary Paragraphs,Summary Words,Summary Characters,parsed_authors,parsed_fandoms,parsed_freeform,fandom_tag_1,count_fandom_tags,parsed_warnings,archive_warning_binary,author_str,fandom_group
476,https://archiveofourown.org/works/70083741,Prince Charming and His Knight,['ems_specter'],[' Teen And Up Audiences'],[' No Archive Warnings Apply'],"[' Gen', 'M/M']","['Red White & Royal Blue (2023)', 'Batman: Arkham (Video Games)', 'Avengers Assemble (Cartoon)']","['Tony Stark/Bruce Wayne', 'Alex Claremont-Diaz & Tony Stark', 'Alex Claremont-Diaz/Henry Fox-Mountchristen-Windsor', 'Alex Claremont-Diaz & Bruce Wayne', 'Alex Claremont-Diaz & Dick Grayson', 'Alex Claremont-Diaz & Jason Todd', 'Beatrice Fox-Mountchristen-Windsor & Henry Fox-Mountchristen-Windsor', 'Henry Fox-Mountchristen-Windsor & Percy ""Pez"" Okonjo']","['Henry Fox-Mountchristen-Windsor', 'Alex Claremont-Diaz', 'Bruce Wayne', 'Tony Stark', 'Percy ""Pez"" Okonjo', 'Beatrice Fox-Mountchristen-Windsor', 'Dick Grayson', 'Jason Todd']","['Alternate Universe', 'Crossovers & Fandom Fusions', 'Crossover', 'Alex Claremont-Diaz is Not First Son of the United States', 'Past Character Death', 'Canonical Character Death', ""Bruce and Tony are Alex's parents"", 'Dead Ellen Claremont and Oscar Diaz', 'please read the notes']",['English'],0,30 Aug 2025,0,True,1,1,12995,0,23,9,492,4,137,750,['ems_specter'],"['Red White & Royal Blue (2023)', 'Batman: Arkham (Video Games)', 'Avengers Assemble (Cartoon)']","['Alternate Universe', 'Crossovers & Fandom Fusions', 'Crossover', 'Alex Claremont-Diaz is Not First Son of the United States', 'Past Character Death', 'Canonical Character Death', ""Bruce and Tony are Alex's parents"", 'Dead Ellen Claremont and Oscar Diaz', 'please read the notes']",Red White & Royal Blue (2023),3,[' No Archive Warnings Apply'],0,ems_specter,Marvel
826,https://archiveofourown.org/works/52847404,I’ll Watch Over You,['Mikaelsonbich25'],[' Teen And Up Audiences'],[' No Archive Warnings Apply'],[' Gen'],['Marvel Cinematic Universe'],"['James ""Bucky"" Barnes & Steve Rogers']","['James ""Bucky"" Barnes', 'Steve Rogers', 'Sam Wilson (Marvel)', 'Original Male Character(s)']","['Bucky Barnes Needs a Hug', 'Bucky Barnes Recovering', 'Bucky Barnes & Steve Rogers Friendship', 'Steve Rogers is a Ray of Sunshine', 'Bucky Barnes Has PTSD', 'Mental Health Issues', 'Mind Control Aftermath & Recovery', 'Emotional Hurt/Comfort', 'Whump', 'Bucky Barnes & Sam Wilson Friendship (mentioned)', 'Brainwashed Bucky Barnes', 'Bucky thinks Steve is his handler']",['English'],0,06 Jan 2024,0,True,1,1,636,0,107,6,1350,1,16,94,['Mikaelsonbich25'],['Marvel Cinematic Universe'],"['Bucky Barnes Needs a Hug', 'Bucky Barnes Recovering', 'Bucky Barnes & Steve Rogers Friendship', 'Steve Rogers is a Ray of Sunshine', 'Bucky Barnes Has PTSD', 'Mental Health Issues', 'Mind Control Aftermath & Recovery', 'Emotional Hurt/Comfort', 'Whump', 'Bucky Barnes & Sam Wilson Friendship (mentioned)', 'Brainwashed Bucky Barnes', 'Bucky thinks Steve is his handler']",Marvel Cinematic Universe,1,[' No Archive Warnings Apply'],0,Mikaelsonbich25,Marvel
716,https://archiveofourown.org/works/939252,That American Dream (it'll get you every time if you're not careful),['DustToDust'],[' Teen And Up Audiences'],[' Creator Chose Not To Use Archive Warnings'],"[' F/M', 'M/M']","['The Avengers (Marvel Movies)', 'Captain America (Movies)']","['Clint Barton/James ""Bucky"" Barnes', 'Steve Rogers/Natasha Romanov']","['Clint Barton', 'Steve Rogers', 'Natasha Romanov', 'James ""Bucky"" Barnes', 'Tony Stark']",['Don’t copy to another site'],['English'],0,28 May 2016,0,False,18,0,34394,145,926,183,22567,1,21,120,['DustToDust'],"['The Avengers (Marvel Movies)', 'Captain America (Movies)']",['Don’t copy to another site'],The Avengers (Marvel Movies),2,[' Creator Chose Not To Use Archive Warnings'],0,DustToDust,Marvel
272,https://archiveofourown.org/works/27153079,Riding The Waves,['andthwip'],[' Not Rated'],[' No Archive Warnings Apply'],[' M/M'],"['Marvel Cinematic Universe', 'The Avengers (Marvel Movies)', 'Spider-Man (Tom Holland Movies)']","['James ""Bucky"" Barnes/Peter Parker']","['Peter Parker', 'James ""Bucky"" Barnes']","['Wet Dream', 'Established Relationship', 'thigh riding', 'Choking', 'Breathplay', 'Boys In Love', 'SSBBsKinktober2020', 'Bottom Bucky Barnes', 'Top Peter Parker', 'Kinktober', 'Dom/sub Undertones', 'Literal Sleeping Together', 'Fluff and Smut', 'Domestic Fluff', 'Domestic Avengers']",['English'],0,22 Oct 2020,0,True,1,1,2385,8,373,45,6362,5,107,584,['andthwip'],"['Marvel Cinematic Universe', 'The Avengers (Marvel Movies)', 'Spider-Man (Tom Holland Movies)']","['Wet Dream', 'Established Relationship', 'thigh riding', 'Choking', 'Breathplay', 'Boys In Love', 'SSBBsKinktober2020', 'Bottom Bucky Barnes', 'Top Peter Parker', 'Kinktober', 'Dom/sub Undertones', 'Literal Sleeping Together', 'Fluff and Smut', 'Domestic Fluff', 'Domestic Avengers']",Marvel Cinematic Universe,3,[' No Archive Warnings Apply'],0,andthwip,Marvel
974,https://archiveofourown.org/works/20467172,Sunbeam,['CheyanneChika'],[' General Audiences'],[' No Archive Warnings Apply'],[' Gen'],"['Good Omens (TV)', 'Marvel Cinematic Universe', 'Thor (Movies)']",['Crowley (Good Omens) & Loki (Marvel)'],"['Crowley (Good Omens)', 'Loki (Marvel)', 'Aziraphale (Good Omens)']","['Snake Crowley (Good Omens)', 'Snake Loki (Marvel)', 'Norse Religion and Lore Inaccuracies', 'Teleportation', '13th Century CE', '1990s', 'The Tesseract (Marvel)', 'Crack', 'Snake Friends Crowley (Good Omens) & Loki (Marvel)', 'Drunk Crowley (Good Omens)']",['English'],0,31 Aug 2019,2,True,1,1,1068,12,379,31,2263,1,17,114,['CheyanneChika'],"['Good Omens (TV)', 'Marvel Cinematic Universe', 'Thor (Movies)']","['Snake Crowley (Good Omens)', 'Snake Loki (Marvel)', 'Norse Religion and Lore Inaccuracies', 'Teleportation', '13th Century CE', '1990s', 'The Tesseract (Marvel)', 'Crack', 'Snake Friends Crowley (Good Omens) & Loki (Marvel)', 'Drunk Crowley (Good Omens)']",Good Omens (TV),3,[' No Archive Warnings Apply'],0,CheyanneChika,Marvel
162,https://archiveofourown.org/works/6589045,But I Just Got You Back,['honestlydarkprincess'],[' Teen And Up Audiences'],[' Major Character Death'],[' M/M'],"['Marvel Cinematic Universe', 'Captain America (Movies)']","['James ""Bucky"" Barnes/Steve Rogers', 'James ""Bucky"" Barnes & Steve Rogers']","['Steve Rogers', 'Natasha Romanov', 'James ""Bucky"" Barnes', 'Tony Stark', 'The Avengers - Character']","['Canon-Typical Violence', 'Bucky Dies', 'Not A Happy Ending', 'Angst without a happy ending', 'poor steve']",['English'],0,18 Apr 2016,0,True,1,1,1373,16,154,18,2663,3,60,303,['honestlydarkprincess'],"['Marvel Cinematic Universe', 'Captain America (Movies)']","['Canon-Typical Violence', 'Bucky Dies', 'Not A Happy Ending', 'Angst without a happy ending', 'poor steve']",Marvel Cinematic Universe,2,[' Major Character Death'],1,honestlydarkprincess,Marvel
534,https://archiveofourown.org/works/65831887,Don't You Try to Hide With Those Angel Eyes,['rowinablx'],[' Explicit'],[' No Archive Warnings Apply'],[' M/M'],"['Captain America (Anthony Mackie Movies)', 'Marvel Cinematic Universe']",['Brock Rumlow/Joaquín Torres'],"['Brock Rumlow', 'Joaquín Torres (Marvel)']","['Smut', 'Plot What Plot/Porn Without Plot', 'Forbidden Love', 'Top Brock Rumlow', 'Bottom Joaquín Torres (Marvel)', 'Strip Tease', 'Blindfolds']",['English'],0,23 May 2025,0,True,1,1,4310,2,15,0,242,1,7,44,['rowinablx'],"['Captain America (Anthony Mackie Movies)', 'Marvel Cinematic Universe']","['Smut', 'Plot What Plot/Porn Without Plot', 'Forbidden Love', 'Top Brock Rumlow', 'Bottom Joaquín Torres (Marvel)', 'Strip Tease', 'Blindfolds']",Captain America (Anthony Mackie Movies),2,[' No Archive Warnings Apply'],0,rowinablx,Marvel
403,https://archiveofourown.org/works/53297494,Family Lines,['Mikaelsonbich25'],[' Explicit'],"[' Major Character Death', 'Graphic Depictions Of Violence']","[' M/M', 'F/F']","['Marvel Cinematic Universe', 'The Avengers (Marvel Movies)', 'Captain America (Movies)', 'Supernatural (TV 2005)', 'The Originals (TV)']","['Tony Stark/Stephen Strange', 'Castiel/Dean Winchester', 'James ""Bucky"" Barnes/Steve Rogers/Sam Wilson', 'Clint Barton/Pietro Maximoff', 'Klaus Mikaelson/Sam Winchester', 'Wanda Maximoff/Natasha Romanov', 'Azazel/John Winchester', 'Keelin Malraux/Freya Mikaelson']","['Tony Stark', 'Dean Winchester', 'Castiel (Supernatural)', 'John Winchester', 'Steve Rogers', 'James ""Bucky"" Barnes', 'Sam Wilson (Marvel)', 'Stephen Strange', 'Peter Parker', 'Natasha Romanov (Marvel)', 'Wanda Maximoff', 'Clint Barton', 'Pietro Maximoff', 'James ""Rhodey"" Rhodes', 'Elijah Mikaelson', 'Klaus Mikaelson', 'Rebekah Mikaelson', 'Kol Mikaelson', 'Freya Mikaelson', 'Sam Winchester', 'Original Characters', 'Azazel (Supernatural)', 'Wade Wilson', 'Crowley (Supernatural)']","['Team as Family', 'Family Drama', 'Dysfunctional Family', 'Fluff and Hurt/Comfort', 'Angst', 'Past Child Abuse', 'Protective Tony Stark', 'Protective Stephen Strange', ""Peter Parker is Tony Stark's Biological Child"", 'Tony Stark is a Winchester', 'John Winchester Being an Asshole', 'Protective Avengers', 'Dean Winchester is Bad at Feelings', 'Self-Esteem Issues', 'Sam Winchester Ships Castiel/Dean Winchester', ""Sam Winchester's Demonic Powers"", 'Soulmates', 'Castiel Has a Sense of Humor (Supernatural)', 'Out of Character', 'Klaus Mikaelson Has A Heart', 'Angelic Grace Sex (Supernatural)', 'Mental Link', 'Shameless Smut', 'Adam Milligan is Not Forgotten', 'Peter Parker Calls Tony Stark ""Dad""', 'Soulmates Share Powers', 'Temporary Character Death', 'Parent Tony Stark', 'BAMF Tony Stark', 'Wade Wilson Needs a Hug', 'Wade Wilson Loves Peter Parker', 'BAMF Peter Parker', 'Adult Peter Parker/Adult Wade Wilson', 'My First Spideypool Fic']",['English'],0,18 Feb 2024,1,True,75,75,66905,58,344,122,13507,2,97,565,['Mikaelsonbich25'],"['Marvel Cinematic Universe', 'The Avengers (Marvel Movies)', 'Captain America (Movies)', 'Supernatural (TV 2005)', 'The Originals (TV)']","['Team as Family', 'Family Drama', 'Dysfunctional Family', 'Fluff and Hurt/Comfort', 'Angst', 'Past Child Abuse', 'Protective Tony Stark', 'Protective Stephen Strange', ""Peter Parker is Tony Stark's Biological Child"", 'Tony Stark is a Winchester', 'John Winchester Being an Asshole', 'Protective Avengers', 'Dean Winchester is Bad at Feelings', 'Self-Esteem Issues', 'Sam Winchester Ships Castiel/Dean Winchester', ""Sam Winchester's Demonic Powers"", 'Soulmates', 'Castiel Has a Sense of Humor (Supernatural)', 'Out of Character', 'Klaus Mikaelson Has A Heart', 'Angelic Grace Sex (Supernatural)', 'Mental Link', 'Shameless Smut', 'Adam Milligan is Not Forgotten', 'Peter Parker Calls Tony Stark ""Dad""', 'Soulmates Share Powers', 'Temporary Character Death', 'Parent Tony Stark', 'BAMF Tony Stark', 'Wade Wilson Needs a Hug', 'Wade Wilson Loves Peter Parker', 'BAMF Peter Parker', 'Adult Peter Parker/Adult Wade Wilson', 'My First Spideypool Fic']",Marvel Cinematic Universe,5,"[' Major Character Death', 'Graphic Depictions Of Violence']",1,Mikaelsonbich25,Marvel
668,https://archiveofourown.org/works/1655195,Intoxicating scent,['SmutHorn'],[' Explicit'],"[' Creator Chose Not To Use Archive Warnings', 'No Archive Warnings Apply']",[' F/M'],"['Dark Avengers', 'Nyx (Comics)', 'Marvel (Comics)']",['Daken Akihiro/Laura Kinney'],"['Daken Akihiro', 'Laura Kinney', 'Zebra Daddy (NYX Comics)', 'X-23', 'Dark Wolverine - Character']","['crack ship', 'Prostitution', 'Suicide Attempt', 'Healing Factors', 'sibling(Clone)cest', 'Slice of Life']",['English'],0,19 May 2014,0,True,1,1,3099,3,45,6,1603,3,92,442,['SmutHorn'],"['Dark Avengers', 'Nyx (Comics)', 'Marvel (Comics)']","['crack ship', 'Prostitution', 'Suicide Attempt', 'Healing Factors', 'sibling(Clone)cest', 'Slice of Life']",Dark Avengers,3,"[' Creator Chose Not To Use Archive Warnings', 'No Archive Warnings Apply']",1,SmutHorn,Marvel
783,https://archiveofourown.org/works/31814590,A Passing Breeze,['DarklingDarling'],[' Explicit'],[' Rape/Non-Con'],[' M/M'],"['Marvel Cinematic Universe', 'The Avengers (Marvel Movies)', 'Iron Man (Movies)', 'Spider-Man (Tom Holland Movies)']",['Peter Parker/Tony Stark'],"['Peter Parker', 'Tony Stark']","['Rape', 'Aftermath of Violence', 'Past Rape/Non-con', 'Past Violence', 'Past Sexual Assault', 'Implied/Referenced Character Death', 'Alternate Universe - Human', 'Alternate Universe - No Powers', 'Hurt No Comfort', ""Tony Stark Acting as Peter Parker's Parental Figure"", 'Peter Parker Needs a Hug', 'Precious Peter Parker', 'Hurt Peter Parker', 'Peter Parker Whump', 'Peter Parker is a Mess', 'Tony Stark Has Issues', 'Tony Angst', 'Top Tony Stark', 'Bottom Peter Parker', 'Suicidal Thoughts', 'Dead Dove: Do Not Eat', 'Graphic Description', 'Non-Consensual Blow Jobs', 'Post-Traumatic Stress Disorder - PTSD', 'Trauma', 'Eating Disorders', 'Angst']",['English'],0,22 Jun 2021,7,True,1,1,5017,52,260,33,10750,4,61,342,['DarklingDarling'],"['Marvel Cinematic Universe', 'The Avengers (Marvel Movies)', 'Iron Man (Movies)', 'Spider-Man (Tom Holland Movies)']","['Rape', 'Aftermath of Violence', 'Past Rape/Non-con', 'Past Violence', 'Past Sexual Assault', 'Implied/Referenced Character Death', 'Alternate Universe - Human', 'Alternate Universe - No Powers', 'Hurt No Comfort', ""Tony Stark Acting as Peter Parker's Parental Figure"", 'Peter Parker Needs a Hug', 'Precious Peter Parker', 'Hurt Peter Parker', 'Peter Parker Whump', 'Peter Parker is a Mess', 'Tony Stark Has Issues', 'Tony Angst', 'Top Tony Stark', 'Bottom Peter Parker', 'Suicidal Thoughts', 'Dead Dove: Do Not Eat', 'Graphic Description', 'Non-Consensual Blow Jobs', 'Post-Traumatic Stress Disorder - PTSD', 'Trauma', 'Eating Disorders', 'Angst']",Marvel Cinematic Universe,4,[' Rape/Non-Con'],1,DarklingDarling,Marvel
990,https://archiveofourown.org/works/53264941,Researching Fanfiction,['Mikaelsonbich25'],[' Mature'],[' No Archive Warnings Apply'],[' Gen'],"['Marvel Cinematic Universe', 'The Avengers (Marvel Movies)', 'Captain America (Movies)']","['Peter Parker & Tony Stark', 'Steve Rogers/James ""Bucky"" Barnes (mentioned)', 'Steve Rogers & Tony Stark']","['Peter Parker', 'Tony Stark', 'Steve Rogers', 'Sam Wilson (mentioned)', 'James ""Bucky"" Barnes (mentioned)']","['Breaking the Fourth Wall', ""Tony Stark Acting as Peter Parker's Parental Figure"", 'Peter Parker is a Ray of Sunshine', 'Steve Rogers and the 21st Century', 'Steve Rogers & Tony Stark Friendship', 'Tony Stark is So Done', 'Characters Reading Fanfiction', 'Steve Rogers is So Done', 'Characters Writing Fanfiction', ""I Don't Even Know"", ""I'm Bad At Tagging"", ""I'm Not Ashamed"", 'Author Is Sleep Deprived', 'The Author Regrets Nothing']",['English'],0,24 Jan 2024,0,True,1,1,1523,16,266,37,1529,1,33,172,['Mikaelsonbich25'],"['Marvel Cinematic Universe', 'The Avengers (Marvel Movies)', 'Captain America (Movies)']","['Breaking the Fourth Wall', ""Tony Stark Acting as Peter Parker's Parental Figure"", 'Peter Parker is a Ray of Sunshine', 'Steve Rogers and the 21st Century', 'Steve Rogers & Tony Stark Friendship', 'Tony Stark is So Done', 'Characters Reading Fanfiction', 'Steve Rogers is So Done', 'Characters Writing Fanfiction', ""I Don't Even Know"", ""I'm Bad At Tagging"", ""I'm Not Ashamed"", 'Author Is Sleep Deprived', 'The Author Regrets Nothing']",Marvel Cinematic Universe,3,[' No Archive Warnings Apply'],0,Mikaelsonbich25,Marvel
984,https://archiveofourown.org/works/55287403,it was the sweetest melody,['stardustandswimmingpools'],[' Teen And Up Audiences'],[' No Archive Warnings Apply'],[' M/M'],['Marvel Cinematic Universe'],"['James ""Bucky"" Barnes/Steve Rogers']","['Steve Rogers', 'James ""Bucky"" Barnes']","['Friends to Lovers', 'dancing in the kitchen', 'aka the epitome of romance', 'Kitchens are for lovers', 'Fluff', 'Music', 'Canon Compliant', 'well. i guess?', 'what even is mcu canon anyway', 'Canon Universe', 'Getting Together', 'First Kiss', 'not a songfic but not not a songfic', 'Bucky Barnes Cooks', 'schmoopy and romantic', 'with a generous dose of bants', 'Steve Rogers Lives in Avengers Tower', ""or compound or WHEREVER i don't care"", 'and bucky lives there with him obv', 'Light Angst', 'soooo light though']",['English'],0,17 Apr 2024,0,True,1,1,1850,11,112,8,519,3,71,408,['stardustandswimmingpools'],['Marvel Cinematic Universe'],"['Friends to Lovers', 'dancing in the kitchen', 'aka the epitome of romance', 'Kitchens are for lovers', 'Fluff', 'Music', 'Canon Compliant', 'well. i guess?', 'what even is mcu canon anyway', 'Canon Universe', 'Getting Together', 'First Kiss', 'not a songfic but not not a songfic', 'Bucky Barnes Cooks', 'schmoopy and romantic', 'with a generous dose of bants', 'Steve Rogers Lives in Avengers Tower', ""or compound or WHEREVER i don't care"", 'and bucky lives there with him obv', 'Light Angst', 'soooo light though']",Marvel Cinematic Universe,1,[' No Archive Warnings Apply'],0,stardustandswimmingpools,Marvel
944,https://archiveofourown.org/works/67230823,Work For It Baby Bird,['rowinablx'],[' Explicit'],[' No Archive Warnings Apply'],[' M/M'],"['Marvel Cinematic Universe', 'Captain America (Anthony Mackie Movies)']",['Brock Rumlow/Joaquín Torres'],"['Joaquín Torres (Marvel)', 'Brock Rumlow']","['Plot What Plot/Porn Without Plot', 'Filthy', 'Porn with Feelings', 'Daddy Kink', 'Bottom Joaquín Torres (Marvel)', 'Top Brock Rumlow', 'Cunnilingus', 'Vaginal Fingering', 'Face Slapping', 'Doggy Style', ""Oh lord I don't know what to tag this"", 'No Beta we die like Brock in Civil War', 'Gay Joaquín Torres (Marvel)', 'Gay Brock Rumlow', 'Trans Joaquín Torres', 'Enthusiastic Consent', 'Aftercare', 'Throat training', 'Deepthroating', 'BDSM', 'Gags', 'Light BDSM', 'Collars', 'Joaquín Torres Being a Little Shit (Marvel)']",['English'],0,03 Aug 2025,0,False,4,0,29360,1,10,0,349,1,9,51,['rowinablx'],"['Marvel Cinematic Universe', 'Captain America (Anthony Mackie Movies)']","['Plot What Plot/Porn Without Plot', 'Filthy', 'Porn with Feelings', 'Daddy Kink', 'Bottom Joaquín Torres (Marvel)', 'Top Brock Rumlow', 'Cunnilingus', 'Vaginal Fingering', 'Face Slapping', 'Doggy Style', ""Oh lord I don't know what to tag this"", 'No Beta we die like Brock in Civil War', 'Gay Joaquín Torres (Marvel)', 'Gay Brock Rumlow', 'Trans Joaquín Torres', 'Enthusiastic Consent', 'Aftercare', 'Throat training', 'Deepthroating', 'BDSM', 'Gags', 'Light BDSM', 'Collars', 'Joaquín Torres Being a Little Shit (Marvel)']",Marvel Cinematic Universe,2,[' No Archive Warnings Apply'],0,rowinablx,Marvel
888,https://archiveofourown.org/works/52843777,Blue Eyes,['rowinablx'],[' Mature'],[' Graphic Depictions Of Violence'],"[' F/F', 'F/M', 'M/M']",['Teen Wolf (TV)'],"['Derek Hale/Stiles Stilinski', 'Theo Raeken/Stiles Stilinski', 'Chris Argent/Peter Hale', 'Allison Argent/Lydia Martin', 'Isaac Lahey/Danny Māhealani', 'Ethan/Jackson Whittemore', 'Aiden/Cora Hale', 'Laura Hale/Jordan Parrish', 'Ennis/Kali (Teen Wolf)', 'Vernon Boyd/Erica Reyes']","['Stiles Stilinski', 'Derek Hale', 'Theo Raeken', 'Jennifer Blake (Teen Wolf)', 'Chris Argent', 'Deucalion (Teen Wolf)', 'Aiden (Teen Wolf)', 'Jackson Whittemore', 'Peter Hale', 'Erica Reyes', 'Vernon Boyd', 'Cora Hale', 'Jordan Parrish', 'Laura Hale', 'Malia Tate', 'Sheriff Stilinski (Teen Wolf)', 'Kyle (Teen Wolf)', 'Garrett | Deadpool Assassin (Teen Wolf)', 'Violet (Teen Wolf)', 'Scott McCall (Teen Wolf)', 'Kali (Teen Wolf)']","['Alternate Universe - Twilight Fusion', 'Fluff and Angst', 'Hurt/Comfort', 'Established Derek Hale/Stiles Stilinski', 'Implied/Referenced Rape/Non-con', 'Mates Derek Hale/Stiles Stilinski', 'Protective Derek Hale', 'Protective Siblings', 'Graduation']",['English'],0,06 Jan 2024,3,True,1,1,4492,1,25,9,1278,1,32,173,['rowinablx'],['Teen Wolf (TV)'],"['Alternate Universe - Twilight Fusion', 'Fluff and Angst', 'Hurt/Comfort', 'Established Derek Hale/Stiles Stilinski', 'Implied/Referenced Rape/Non-con', 'Mates Derek Hale/Stiles Stilinski', 'Protective Derek Hale', 'Protective Siblings', 'Graduation']",Teen Wolf (TV),1,[' Graphic Depictions Of Violence'],1,rowinablx,Teen Wolf
563,https://archiveofourown.org/works/39530076,"if you want, i could tell you the truth (that this life takes a toll on you)",['stardustandswimmingpools'],[' General Audiences'],[' No Archive Warnings Apply'],[' Gen'],['Teen Wolf (TV)'],['Alan Deaton & Scott McCall'],"['Alan Deaton', 'Scott McCall (Teen Wolf)']","['Missing Scene', 'actually i guess this counts as', 'Episode Tag', 'In a way??', 'it takes place after 2x09 but before 2x10', ""at least according to fridge's timeline"", 'Light Angst', 'yknow how in the s2 finale it is suddenly revealed that', 'scott and deaton have been secretly conspiring against gerard this whole time', 'this is like. where that started', 'Canon Compliant', 'Scott McCall Appreciation Week']",['English'],0,14 Jun 2022,0,True,1,1,2028,10,61,12,350,3,67,400,['stardustandswimmingpools'],['Teen Wolf (TV)'],"['Missing Scene', 'actually i guess this counts as', 'Episode Tag', 'In a way??', 'it takes place after 2x09 but before 2x10', ""at least according to fridge's timeline"", 'Light Angst', 'yknow how in the s2 finale it is suddenly revealed that', 'scott and deaton have been secretly conspiring against gerard this whole time', 'this is like. where that started', 'Canon Compliant', 'Scott McCall Appreciation Week']",Teen Wolf (TV),1,[' No Archive Warnings Apply'],0,stardustandswimmingpools,Teen Wolf
571,https://archiveofourown.org/works/39627507,Righting the Imbalance,['DustToDust'],[' Teen And Up Audiences'],[' Creator Chose Not To Use Archive Warnings'],[' F/M'],['Teen Wolf (TV)'],['Kate Argent/Derek Hale'],['Sheriff Stilinski'],"['Not Canon Compliant', 'Teacher-Student Relationship']",['English'],0,13 Jun 2022,0,True,1,1,2887,1,37,5,244,1,21,106,['DustToDust'],['Teen Wolf (TV)'],"['Not Canon Compliant', 'Teacher-Student Relationship']",Teen Wolf (TV),1,[' Creator Chose Not To Use Archive Warnings'],0,DustToDust,Teen Wolf
219,https://archiveofourown.org/works/41389800,Obey,['DarklingDarling'],[' Explicit'],[' Rape/Non-Con'],[' M/M'],['Teen Wolf (TV)'],['Derek Hale/Stiles Stilinski'],"['Stiles Stilinski', 'Derek Hale', 'Scott McCall (Teen Wolf)']","['Alpha/Beta/Omega Dynamics', 'Omega Verse', 'Alpha/Omega', 'Human', 'Human/Alpha', 'Werewolves', 'Werewolf Mates', 'Werewolf Derek', 'Werewolf Culture', 'Werewolf Courting', 'Non-Traditional Alpha/Beta/Omega Dynamics', 'Alpha Derek', 'Alpha Derek Hale', 'Top Derek Hale/Bottom Stiles Stilinski', 'Top Derek', 'Pining Derek', 'Derek Hale is Bad at Feelings', 'Derek Derekson Being a Jerk', 'Dark Derek Hale', 'Dark Derek Hale/Stiles Stilinski', 'Dark', 'Alternate Universe - Dark', 'Bottom Stiles Stilinski', 'Hurt Stiles Stilinski', 'Stiles Stilinski Needs a Hug', 'Scott McCall & Stiles Stilinski Friendship', 'Interspecies Relationship(s)', 'Hurt/Comfort', 'Angst', 'Rough Sex', 'Forced Orgasm', 'Forced Cohabitation', 'Kidnapped Stiles Stilinski', 'Kidnapping', 'Forced Relationship', 'Forced Knotting', 'Knotting', 'Threats of Violence', 'Forehead Kisses', 'Sleepy Kisses', 'Manipulation', 'Rape/Non-con Elements', 'Rape', 'Painful Sex', 'Alternate Universe - Canon Divergence', 'Not Canon Compliant', 'werewolf lore here is different to the show', 'Anal Sex', 'Anal Fingering', 'Anal', 'Creampie', 'Breeding Kink', 'Obsession', 'Possessive Behavior', 'Possessive Sex', 'Biting', 'Marking', 'Dead Dove: Do Not Eat']",['English'],0,06 Sep 2022,0,True,1,1,3322,52,1407,229,43821,2,58,305,['DarklingDarling'],['Teen Wolf (TV)'],"['Alpha/Beta/Omega Dynamics', 'Omega Verse', 'Alpha/Omega', 'Human', 'Human/Alpha', 'Werewolves', 'Werewolf Mates', 'Werewolf Derek', 'Werewolf Culture', 'Werewolf Courting', 'Non-Traditional Alpha/Beta/Omega Dynamics', 'Alpha Derek', 'Alpha Derek Hale', 'Top Derek Hale/Bottom Stiles Stilinski', 'Top Derek', 'Pining Derek', 'Derek Hale is Bad at Feelings', 'Derek Derekson Being a Jerk', 'Dark Derek Hale', 'Dark Derek Hale/Stiles Stilinski', 'Dark', 'Alternate Universe - Dark', 'Bottom Stiles Stilinski', 'Hurt Stiles Stilinski', 'Stiles Stilinski Needs a Hug', 'Scott McCall & Stiles Stilinski Friendship', 'Interspecies Relationship(s)', 'Hurt/Comfort', 'Angst', 'Rough Sex', 'Forced Orgasm', 'Forced Cohabitation', 'Kidnapped Stiles Stilinski', 'Kidnapping', 'Forced Relationship', 'Forced Knotting', 'Knotting', 'Threats of Violence', 'Forehead Kisses', 'Sleepy Kisses', 'Manipulation', 'Rape/Non-con Elements', 'Rape', 'Painful Sex', 'Alternate Universe - Canon Divergence', 'Not Canon Compliant', 'werewolf lore here is different to the show', 'Anal Sex', 'Anal Fingering', 'Anal', 'Creampie', 'Breeding Kink', 'Obsession', 'Possessive Behavior', 'Possessive Sex', 'Biting', 'Marking', 'Dead Dove: Do Not Eat']",Teen Wolf (TV),1,[' Rape/Non-Con'],1,DarklingDarling,Teen Wolf
233,https://archiveofourown.org/works/41517276,Hold My Heart (Until Infinity Breaks),['ems_specter'],[' Teen And Up Audiences'],[' Underage Sex'],"[' F/M', 'Gen', 'M/M']",['Teen Wolf (TV)'],"['Peter Hale/Stiles Stilinski', 'Stiles Stilinski/Original Character(s)', 'Merlin (Merlin) & Stiles Stilinski', 'Other side pairings - Relationship']","['Stiles Stilinski', 'Merlin (Merlin)', 'Peter Hale', 'The Pack (Teen Wolf)']","['Steter Secret Santa 2021', 'Reincarnation', 'Alternate Universe - Reincarnation', 'Immortality', 'Immortal Stiles Stilinski', 'Immortal Merlin (Merlin)', 'A little OOC Stiles', 'starts off as Scott McCall critical', 'starts off as Allison Argent critical', 'Crossover', 'Avengers Assemble (Cartoon) - Freeform', 'merlin (bbc) - Freeform']",['English'],0,05 Sep 2022,0,True,1,1,7073,5,390,47,2925,2,18,113,['ems_specter'],['Teen Wolf (TV)'],"['Steter Secret Santa 2021', 'Reincarnation', 'Alternate Universe - Reincarnation', 'Immortality', 'Immortal Stiles Stilinski', 'Immortal Merlin (Merlin)', 'A little OOC Stiles', 'starts off as Scott McCall critical', 'starts off as Allison Argent critical', 'Crossover', 'Avengers Assemble (Cartoon) - Freeform', 'merlin (bbc) - Freeform']",Teen Wolf (TV),1,[' Underage Sex'],1,ems_specter,Teen Wolf
657,https://archiveofourown.org/works/47706844,Fathered By A Vampire,['Mikaelsonbich25'],[' Explicit'],"[' Creator Chose Not To Use Archive Warnings', 'Graphic Depictions Of Violence', 'Major Character Death']","[' F/M', 'M/M', 'F/F', 'Multi']","['The Vampire Diaries (TV)', 'Supernatural (TV 2005)', 'The Originals (TV)', 'Teen Wolf (TV)', 'Legacies (TV 2018)']","['Elena Gilbert/Damon Salvatore', 'Damon Salvatore & Dean Winchester', 'Gabriel/Eileen Leahy/Rowena MacLeod/Sam Winchester', 'Bonnie Bennett/Lorenzo ""Enzo"" St. John', 'Damon Salvatore/Lorenzo ""Enzo"" St. John', 'Dean Winchester/Castiel/Lucien Castle/Klaus Mikaelson', 'Marcel Gerard/Benny Lafitte', 'Hope Mikaelson/Josie Saltzman', 'Isaac Lahey/Scott McCall', 'Derek Hale/Stiles Stilinski']","['Damon Salvatore', 'Stefan Salvatore', 'Elena Gilbert', 'Tyler Lockwood', 'Caroline Forbes', 'Matt Donovan', 'Alaric Saltzman', 'Klaus Mikaelson', 'Bonnie Bennett', 'Jeremy Gilbert', 'Dean Winchester', 'Sam Winchester', 'Castiel (Supernatural)', 'Rowena MacLeod', 'Crowley (Supernatural)', 'Gabriel (Supernatural)', 'Elijah Mikaelson', 'Kol Mikaelson', 'Rebekah Mikaelson', 'Kai Parker', 'Eileen Leahy', 'Lorenzo ""Enzo"" St. John', 'Lisa Braeden', 'Hayley Marshall', 'Kelly Kline (Supernatural)', 'Original Lahey Character(s) (Teen Wolf)', 'Stiles Stilinski', 'Isaac Lahey', 'Hope Mikaelson', 'Jack Kline', 'Scott McCall', 'Josie Saltzman', 'Lizzie Saltzman', 'Liam Dunbar', 'Allison Argent', 'Lydia Martin', 'Peter Hale', 'Derek Hale']","['Other Additional Tags to Be Added', 'Tags May Change', 'Tags Are Hard', 'Dean Winchester is Not a Winchester', 'Sam Winchester Ships Castiel/Dean Winchester', 'Dean Winchester Has a Crush on Castiel', 'Damon Salvatore is Bad at Feelings', 'Klaus Mikaelson likes to Gossip', 'Found Family', 'Family Drama', 'Father-Son Relationship', 'Adopted Sibling Relationship', 'Emotional Hurt/Comfort', 'Polyamorous Sam Winchester', 'Past Lorenzo ""Enzo"" St John/Damon Salvatore', 'Other Fandoms Not Mentioned in Tags', 'Childhood Trauma', 'Mental Health Issues', 'Klaus Mikaelson is a Flirt', 'Bonnie Bennett & Damon Salvatore Friendship', 'Parent Damon Salvatore']",['English'],0,19 Jul 2023,1,True,66,66,76625,70,329,92,12203,1,92,498,['Mikaelsonbich25'],"['The Vampire Diaries (TV)', 'Supernatural (TV 2005)', 'The Originals (TV)', 'Teen Wolf (TV)', 'Legacies (TV 2018)']","['Other Additional Tags to Be Added', 'Tags May Change', 'Tags Are Hard', 'Dean Winchester is Not a Winchester', 'Sam Winchester Ships Castiel/Dean Winchester', 'Dean Winchester Has a Crush on Castiel', 'Damon Salvatore is Bad at Feelings', 'Klaus Mikaelson likes to Gossip', 'Found Family', 'Family Drama', 'Father-Son Relationship', 'Adopted Sibling Relationship', 'Emotional Hurt/Comfort', 'Polyamorous Sam Winchester', 'Past Lorenzo ""Enzo"" St John/Damon Salvatore', 'Other Fandoms Not Mentioned in Tags', 'Childhood Trauma', 'Mental Health Issues', 'Klaus Mikaelson is a Flirt', 'Bonnie Bennett & Damon Salvatore Friendship', 'Parent Damon Salvatore']",The Vampire Diaries (TV),5,"[' Creator Chose Not To Use Archive Warnings', 'Graphic Depictions Of Violence', 'Major Character Death']",1,Mikaelsonbich25,Teen Wolf
1038,https://archiveofourown.org/works/24739255,Is Knotting a Thing?,['CheyanneChika'],[' Teen And Up Audiences'],[' No Archive Warnings Apply'],[' M/M'],['Teen Wolf (TV)'],['Derek Hale/Stiles Stilinski'],"['Derek Hale', 'Stiles Stilinski']","['Crack', 'Silly Stiles Stilinski', 'References to Knotting', 'Bad Puns', 'Curtain Fic', 'Ficlet']",['English'],0,15 Jun 2020,0,True,1,1,234,10,135,7,1376,1,11,59,['CheyanneChika'],['Teen Wolf (TV)'],"['Crack', 'Silly Stiles Stilinski', 'References to Knotting', 'Bad Puns', 'Curtain Fic', 'Ficlet']",Teen Wolf (TV),1,[' No Archive Warnings Apply'],0,CheyanneChika,Teen Wolf
1048,https://archiveofourown.org/works/24732439,don't stay for me,['honestlydarkprincess'],[' Teen And Up Audiences'],[' No Archive Warnings Apply'],[' M/M'],['Teen Wolf (TV)'],"['Derek Hale/Stiles Stilinski', 'past Kate Argent/Derek Hale - Relationship']","['Derek Hale', 'Stiles Stilinski', 'Sheriff Stilinski', 'Laura Hale', 'Talia Hale', 'Kate Argent']","['Alternate Universe - Canon Divergence', 'Past Relationship(s)', 'Past Abuse', 'Past Underage', 'Past Kate Argent/Derek Hale', 'Break Up', 'Post-Break Up', 'Getting Back Together', 'Introspection', 'Hurt Derek Hale', 'Emotionally Hurt Derek Hale', 'College Student Stiles Stilinski', 'Derek Hale is Bad at Feelings', 'Mates', 'Mates Derek Hale/Stiles Stilinski', 'Alpha Derek Hale', 'Derek trying to become emotionally healthy', 'Complicated Relationships', 'Angst with a Happy Ending', 'Hopeful Ending']",['English'],0,15 Jun 2020,0,True,1,1,4290,10,386,47,7040,1,51,309,['honestlydarkprincess'],['Teen Wolf (TV)'],"['Alternate Universe - Canon Divergence', 'Past Relationship(s)', 'Past Abuse', 'Past Underage', 'Past Kate Argent/Derek Hale', 'Break Up', 'Post-Break Up', 'Getting Back Together', 'Introspection', 'Hurt Derek Hale', 'Emotionally Hurt Derek Hale', 'College Student Stiles Stilinski', 'Derek Hale is Bad at Feelings', 'Mates', 'Mates Derek Hale/Stiles Stilinski', 'Alpha Derek Hale', 'Derek trying to become emotionally healthy', 'Complicated Relationships', 'Angst with a Happy Ending', 'Hopeful Ending']",Teen Wolf (TV),1,[' No Archive Warnings Apply'],0,honestlydarkprincess,Teen Wolf
606,https://archiveofourown.org/works/11654865,Coming Clean,['andthwip'],[' Explicit'],[' Underage Sex'],[' M/M'],"['Teen Wolf (TV)', 'Teen Wolf (TV) RPF']","['Isaac Lahey/Scott McCall', 'Isaac Lahey & Scott McCall', 'Scisaac', 'Scott McCall/Isaac Lahey']","['Isaac Lahey', 'Scott McCall', 'Stiles Stilinski']","['Blow Jobs', 'Frottage', 'First Kiss', 'Getting Together', 'bed sharing']",['English'],0,30 Jul 2017,0,True,1,1,2639,2,183,14,3868,1,8,44,['andthwip'],"['Teen Wolf (TV)', 'Teen Wolf (TV) RPF']","['Blow Jobs', 'Frottage', 'First Kiss', 'Getting Together', 'bed sharing']",Teen Wolf (TV),2,[' Underage Sex'],1,andthwip,Teen Wolf
675,https://archiveofourown.org/works/42431580,Pregnancy Test 3,['Mikaelsonbich25'],[' Mature'],[' No Archive Warnings Apply'],[' M/M'],"['Teen Wolf (TV)', 'Supernatural (TV 2005)', 'The Vampire Diaries (TV)']",['Liam Dunbar/Theo Raeken'],"['Damon Salvatore', 'Stefan Salvatore', 'Theo Raeken', 'Liam Dunbar', 'Deucalion (Teen Wolf)', 'Scott McCall (Teen Wolf)', 'Melissa McCall', 'Stiles Stilinski']","['Theo Raeken is Part of the Pack', 'Alpha Liam Dunbar', 'Mpreg']",['English'],0,16 Oct 2022,11,True,1,1,706,0,75,6,1675,1,18,109,['Mikaelsonbich25'],"['Teen Wolf (TV)', 'Supernatural (TV 2005)', 'The Vampire Diaries (TV)']","['Theo Raeken is Part of the Pack', 'Alpha Liam Dunbar', 'Mpreg']",Teen Wolf (TV),3,[' No Archive Warnings Apply'],0,Mikaelsonbich25,Teen Wolf
692,https://archiveofourown.org/works/3608847,Do you like your present Coach?,['SmutHorn'],[' Explicit'],[' Underage Sex'],[' M/M'],['Teen Wolf (TV)'],['Isaac Lahey/Scott McCall'],"['Isaac Lahey', 'Scott McCall', 'Stiles Stilinski']","['Christmas Presents', 'Speedos', 'Teacher-Student Relationship', 'Coach Layhey', 'Suprise!', 'Fingering', 'Anal Sex', 'Desk Sex', 'Rimming', 'Dirty Talk', 'PWP']",['English'],0,01 Apr 2015,4,True,2,2,1388,9,104,9,4430,1,58,303,['SmutHorn'],['Teen Wolf (TV)'],"['Christmas Presents', 'Speedos', 'Teacher-Student Relationship', 'Coach Layhey', 'Suprise!', 'Fingering', 'Anal Sex', 'Desk Sex', 'Rimming', 'Dirty Talk', 'PWP']",Teen Wolf (TV),1,[' Underage Sex'],1,SmutHorn,Teen Wolf
